{
    "value0": {
        "T_imu_cam": [
            {
                "px": 0.036332969919296329,
                "py": 0.02444624716872902,
                "pz": -0.00783336101592702,
                "qx": -0.5933092286586348,
                "qy": 0.4018103810305358,
                "qz": -0.4012656757542128,
                "qw": 0.5705422283636038
            },
            {
                "px": 0.03970370432038665,
                "py": -0.058187959011681989,
                "pz": -0.009123828426579946,
                "qx": -0.40294046079562725,
                "qy": 0.5899169809446315,
                "qz": -0.5668689766527517,
                "qw": 0.41023956897847016
            }
        ],
        "intrinsics": [
            {
                "camera_type": "ds",
                "intrinsics": {
                    "fx": 292.03544965547669,
                    "fy": 290.9831444845735,
                    "cx": 337.89859561187759,
                    "cy": 199.11654496789587,
                    "xi": -0.17851082143095899,
                    "alpha": 0.728257049886683
                }
            },
            {
                "camera_type": "ds",
                "intrinsics": {
                    "fx": 289.1352493606719,
                    "fy": 287.5160666483613,
                    "cx": 322.4937579941868,
                    "cy": 198.20212653923438,
                    "xi": -0.1900328885324802,
                    "alpha": 0.7195006330441365
                }
            }
        ],
        "resolution": [
            [
                640,
                400
            ],
            [
                640,
                400
            ]
        ],
        "calib_accel_bias": [
            0.33355728446832635,
            0.12870093498154654,
            0.0593132875462512,
            0.0,
            0.0,
            0.0,
            0.0,
            0.0,
            0.0
        ],
        "calib_gyro_bias": [
            0.0,
            0.0,
            0.0,
            0.0,
            0.0,
            0.0,
            0.0,
            0.0,
            0.0,
            0.0,
            0.0,
            0.0
        ],
        "imu_update_rate": 199.87487832616783,
        "accel_noise_std": [
            0.01,
            0.01,
            0.01
        ],
        "gyro_noise_std": [
            0.000282,
            0.000282,
            0.000282
        ],
        "accel_bias_std": [
            0.001,
            0.001,
            0.001
        ],
        "gyro_bias_std": [
            0.0001,
            0.0001,
            0.0001
        ],
        "cam_time_offset_ns": 0,
        "vignette": []
    }
}