{
    "value0": {
        "T_imu_cam": [
            {
                "px": 0.039331196274721744,
                "py": 0.04084308663619697,
                "pz": 6.123077715656025e-05,
                "qx": 0.5985729693553965,
                "qy": -0.4083296958910701,
                "qz": 0.400162185681963,
                "qw": -0.5611127203698059
            },
            {
                "px": 0.04066880372527827,
                "py": -0.04084308663619697,
                "pz": -6.123077715653943e-05,
                "qx": -0.4027932230664816,
                "qy": 0.593036496530808,
                "qz": -0.566845905811145,
                "qw": 0.4058953711233022
            }
        ],
        "intrinsics": [
            {
                "camera_type": "kb4",
                "intrinsics": {
                    "fx": 356.1566404414342,
                    "fy": 354.63901192029726,
                    "cx": 335.62436940617175,
                    "cy": 205.4047755304641,
                    "k1": -0.09657951210041545,
                    "k2": -0.013395220765769694,
                    "k3": 0.017111906773563897,
                    "k4": -0.006311088009658009
                }
            },
            {
                "camera_type": "kb4",
                "intrinsics": {
                    "fx": 358.53136755595045,
                    "fy": 357.09903135103343,
                    "cx": 322.1042889633994,
                    "cy": 200.3561375279852,
                    "k1": -0.10173095435806487,
                    "k2": 0.009686542570761328,
                    "k3": -0.00993020488805264,
                    "k4": 0.003644434594778213
                }
            }
        ],
        "resolution": [
            [
                640,
                400
            ],
            [
                640,
                400
            ]
        ],
        "vignette": [],
        "calib_accel_bias": [
            0.0,
            0.0,
            0.0,
            0.0,
            0.0,
            0.0,
            0.0,
            0.0,
            0.0
        ],
        "calib_gyro_bias": [
            0.0,
            0.0,
            0.0,
            0.0,
            0.0,
            0.0,
            0.0,
            0.0,
            0.0,
            0.0,
            0.0,
            0.0
        ],
        "imu_update_rate": 200.0,
        "accel_noise_std": [0.01, 0.01, 0.01],
        "gyro_noise_std": [0.0001, 0.0001, 0.0001],
        "accel_bias_std": [0.0006, 0.0006, 0.0006],
        "gyro_bias_std": [0.0001, 0.0001, 0.0001],
        "cam_time_offset_ns": 0
    }
}
