{
    "value0": {
        "T_imu_cam": [
            {
                "px": 0.03479041537032252,
                "py": 0.042200353979757056,
                "pz": -0.0030301555599004104,
                "qx": 0.5965967638724802,
                "qy": -0.40723459416477553,
                "qz": 0.40000112976492663,
                "qw": -0.564120007479895
            },
            {
                "px": 0.035671105565941795,
                "py": -0.041001832458154946,
                "pz": 0.0008806728807003034,
                "qx": -0.4033639470913931,
                "qy": 0.590980119591416,
                "qz": -0.568600949571845,
                "qw": 0.40587311389221575
            }
        ],
        "intrinsics": [
            {
                "camera_type": "kb4",
                "intrinsics": {
                    "fx": 355.7675242013776,
                    "fy": 354.0687628348711,
                    "cx": 336.79202232664113,
                    "cy": 204.11025381960744,
                    "k1": -0.09651358779553441,
                    "k2": -0.009338077120421794,
                    "k3": 0.011165787526234502,
                    "k4": -0.0036519021151923863
                }
            },
            {
                "camera_type": "kb4",
                "intrinsics": {
                    "fx": 358.4518931634327,
                    "fy": 356.9804660613302,
                    "cx": 324.8586275859362,
                    "cy": 201.0743533575363,
                    "k1": -0.10465998042309478,
                    "k2": 0.023309983462755212,
                    "k3": -0.02678575149530965,
                    "k4": 0.009972510089935596
                }
            }
        ],
        "resolution": [
            [
                640,
                400
            ],
            [
                640,
                400
            ]
        ],
        "vignette": [],
        "calib_accel_bias": [
            0.0,
            0.0,
            0.0,
            0.0,
            0.0,
            0.0,
            0.0,
            0.0,
            0.0
        ],
        "calib_gyro_bias": [
            0.0,
            0.0,
            0.0,
            0.0,
            0.0,
            0.0,
            0.0,
            0.0,
            0.0,
            0.0,
            0.0,
            0.0
        ],
        "imu_update_rate": 100.0,
        "accel_noise_std": [0.01, 0.01, 0.01],
        "gyro_noise_std": [0.000282, 0.000282, 0.000282],
        "accel_bias_std": [0.001, 0.001, 0.001],
        "gyro_bias_std": [0.0001, 0.0001, 0.0001],
        "cam_time_offset_ns": 14681427
    }
}
