{
    "value0": {
        "T_imu_cam": [
            {
                "px": 0.017093925711778519,
                "py": 0.035383298747165638,
                "pz": -0.003124131382835939,
                "qx": -0.5966997469883807,
                "qy": 0.4057864038917735,
                "qz": -0.39892934670765747,
                "qw": 0.5658110839281842
            },
            {
                "px": 0.0182459003480762,
                "py": -0.04660936237957431,
                "pz": -0.0028837434626742227,
                "qx": -0.40862417300224737,
                "qy": 0.5945816966485235,
                "qz": -0.5624497937232204,
                "qw": 0.4039172202190689
            }
        ],
        "intrinsics": [
            {
                "camera_type": "ds",
                "intrinsics": {
                    "fx": 291.4818394611765,
                    "fy": 291.0626085250434,
                    "cx": 334.8363964864573,
                    "cy": 201.91413761284719,
                    "xi": -0.18918891423621565,
                    "alpha": 0.727140567681214
                }
            },
            {
                "camera_type": "ds",
                "intrinsics": {
                    "fx": 292.0563516562177,
                    "fy": 291.84648032593159,
                    "cx": 323.20512579368406,
                    "cy": 206.02493562869294,
                    "xi": -0.18910024558839004,
                    "alpha": 0.7248726878193691
                }
            }
        ],
        "resolution": [
            [
                640,
                400
            ],
            [
                640,
                400
            ]
        ],
        "calib_accel_bias": [
            0.0,
            0.0,
            0.0,
            0.0,
            0.0,
            0.0,
            0.0,
            0.0,
            0.0
        ],
        "calib_gyro_bias": [
            0.0,
            0.0,
            0.0,
            0.0,
            0.0,
            0.0,
            0.0,
            0.0,
            0.0,
            0.0,
            0.0,
            0.0
        ],
        "imu_update_rate": 199.92043166819608,
        "accel_noise_std": [
            0.01,
            0.01,
            0.01
        ],
        "gyro_noise_std": [
            0.000282,
            0.000282,
            0.000282
        ],
        "accel_bias_std": [
            0.001,
            0.001,
            0.001
        ],
        "gyro_bias_std": [
            0.0001,
            0.0001,
            0.0001
        ],
        "cam_time_offset_ns": 0,
        "vignette": []
    }
}