{
    "value0": {
        "T_imu_cam": [
            {
                "px": 0.02503418447666501,
                "py": 0.03696701760699422,
                "pz": -0.0031961879282872845,
                "qx": -0.5954837725543885,
                "qy": 0.4059822006153224,
                "qz": -0.3995253687302503,
                "qw": 0.5665306780297877
            },
            {
                "px": 0.025992246780140748,
                "py": -0.0451012402060694,
                "pz": -0.002996059414818781,
                "qx": -0.40730731335157907,
                "qy": 0.5950093765427473,
                "qz": -0.5626661235318337,
                "qw": 0.4043159998642016
            }
        ],
        "intrinsics": [
            {
                "camera_type": "kb4",
                "intrinsics": {
                    "fx": 358.85756918909297,
                    "fy": 358.3931417218004,
                    "cx": 334.81023255207568,
                    "cy": 201.88146689447147,
                    "k1": -0.09587347383115466,
                    "k2": -0.014055988273608053,
                    "k3": 0.019620933718434896,
                    "k4": -0.008362847727970602
                }
            },
            {
                "camera_type": "kb4",
                "intrinsics": {
                    "fx": 359.8232675018648,
                    "fy": 359.2978346847076,
                    "cx": 323.22828912521046,
                    "cy": 206.01616294849368,
                    "k1": -0.09814249708406248,
                    "k2": -0.0003334768326502319,
                    "k3": 0.00035790090459263325,
                    "k4": 0.00030982183906177693
                }
            }
        ],
        "resolution": [
            [
                640,
                400
            ],
            [
                640,
                400
            ]
        ],
        "calib_accel_bias": [
            0.0,
            0.0,
            0.0,
            0.0,
            0.0,
            0.0,
            0.0,
            0.0,
            0.0
        ],
        "calib_gyro_bias": [
            0.0,
            0.0,
            0.0,
            0.0,
            0.0,
            0.0,
            0.0,
            0.0,
            0.0,
            0.0,
            0.0,
            0.0
        ],
        "imu_update_rate": 199.92043166819608,
        "accel_noise_std": [
            0.01,
            0.01,
            0.01
        ],
        "gyro_noise_std": [
            0.000282,
            0.000282,
            0.000282
        ],
        "accel_bias_std": [
            0.001,
            0.001,
            0.001
        ],
        "gyro_bias_std": [
            0.0001,
            0.0001,
            0.0001
        ],
        "cam_time_offset_ns": 0,
        "vignette": []
    }
}