{
    "value0": {
        "T_imu_cam": [
            {
                "px": 0.039183404725570827,
                "py": -0.03266406065593494,
                "pz": -0.001063506344700399,
                "qx": 0.5103251334003425,
                "qy": 0.4882405538622989,
                "qz": 0.5024080190228996,
                "qw": 0.49877409937329778
            },
            {
                "px": 0.03985974381418365,
                "py": 0.022337739026141096,
                "pz": -0.0009247672536501067,
                "qx": 0.48654589142273216,
                "qy": 0.4974116759126222,
                "qz": 0.5022546077494704,
                "qw": 0.5134150652248932
            }
        ],
        "intrinsics": [
            {
                "camera_type": "kb4",
                "intrinsics": {
                    "fx": 356.9449762290321,
                    "fy": 356.55994125557165,
                    "cx": 312.4217760283908,
                    "cy": 191.1518605237634,
                    "k1": -0.09740964284657268,
                    "k2": -0.015355670141681332,
                    "k3": 0.02115303540593813,
                    "k4": -0.007911037053779685
                }
            },
            {
                "camera_type": "kb4",
                "intrinsics": {
                    "fx": 358.4052082104742,
                    "fy": 357.9069733064412,
                    "cx": 330.0347669060306,
                    "cy": 211.79408149829093,
                    "k1": -0.09438495699300013,
                    "k2": -0.025910392354767245,
                    "k3": 0.03389684599111985,
                    "k4": -0.013313255984851294
                }
            }
        ],
        "resolution": [
            [
                640,
                400
            ],
            [
                640,
                400
            ]
        ],
        "calib_accel_bias": [
            0.0,
            0.0,
            0.0,
            0.0,
            0.0,
            0.0,
            0.0,
            0.0,
            0.0
        ],
        "calib_gyro_bias": [
            0.0,
            0.0,
            0.0,
            0.0,
            0.0,
            0.0,
            0.0,
            0.0,
            0.0,
            0.0,
            0.0,
            0.0
        ],
        "imu_update_rate": 199.92043166819608,
        "accel_noise_std": [
            0.01,
            0.01,
            0.01
        ],
        "gyro_noise_std": [
            0.000282,
            0.000282,
            0.000282
        ],
        "accel_bias_std": [
            0.001,
            0.001,
            0.001
        ],
        "gyro_bias_std": [
            0.0001,
            0.0001,
            0.0001
        ],
        "cam_time_offset_ns": 0,
        "vignette": []
    }
}