{
    "value0": {
        "T_imu_cam": [
            {
                "px": -0.010144597886169912,
                "py": 0.027568505570427816,
                "pz": 0.00020685740738167504,
                "qx": -0.0012306837368619107,
                "qy": -0.0023669393334150696,
                "qz": -0.7034071990619155,
                "qw": 0.7107821011559047
            },
            {
                "px": -0.009855402113830103,
                "py": -0.04756850557042785,
                "pz": -0.00020685740738167515,
                "qx": -0.0012306837368619102,
                "qy": -0.0023669393334150683,
                "qz": 0.7107821011559047,
                "qw": -0.7034071990619154
            }
        ],
        "intrinsics": [
            {
                "camera_type": "kb4",
                "intrinsics": {
                    "fx": 400.414696655,
                    "fy": 398.443734396,
                    "cx": 323.246741668,
                    "cy": 203.784949695,
                    "k1": 0.5013391007112198,
                    "k2": -0.886227605568419,
                    "k3": 2.1239419213829507,
                    "k4": -1.5431657411294577
                }
            },
            {
                "camera_type": "kb4",
                "intrinsics": {
                    "fx": 402.325486425,
                    "fy": 400.160243896,
                    "cx": 325.096609242,
                    "cy": 203.210332935,
                    "k1": 0.5052116125930968,
                    "k2": -0.9061145128435217,
                    "k3": 2.125259026135363,
                    "k4": -1.504742529981611
                }
            }
        ],
        "resolution": [
            [
                1280,
                800
            ],
            [
                1280,
                800
            ]
        ],
        "vignette": [],
        "calib_accel_bias": [
            0.0,
            0.0,
            0.0,
            0.0,
            0.0,
            0.0,
            0.0,
            0.0,
            0.0
        ],
        "calib_gyro_bias": [
            0.0,
            0.0,
            0.0,
            0.0,
            0.0,
            0.0,
            0.0,
            0.0,
            0.0,
            0.0,
            0.0,
            0.0
        ],
        "imu_update_rate": 200.0,
        "accel_noise_std": [0.01, 0.01, 0.01],
        "gyro_noise_std": [0.000282, 0.000282, 0.000282],
        "accel_bias_std": [0.001, 0.001, 0.001],
        "gyro_bias_std": [0.0001, 0.0001, 0.0001],
        "cam_time_offset_ns": 0
    }
}
