{
    "value0": {
        "T_imu_cam": [
            {
                "px": 0,
                "py": 0,
                "pz": 0,
                "qx": 0.7071067811865477,
                "qy": 0.7071067811865475,
                "qz": 0.0,
                "qw": 0.0
            },
            {
                "px": -0.0003182331892008228,
                "py": 0.07458367834271448,
                "pz": 0.002984797505675356,
                "qx": 0.7054000371293316,
                "qy": 0.7083623810990592,
                "qz": 0.010364033407203843,
                "qw": -0.022937119983613485
            }
        ],
        "intrinsics": [
            {
                "camera_type": "pinhole",
                "intrinsics": {
                    "fx": 455.48921832319377,
                    "fy": 453.41084972729124,
                    "cx": 308.1884629854215,
                    "cy": 239.82587857030245
                }
            },
            {
                "camera_type": "pinhole",
                "intrinsics": {
                    "fx": 452.78748623092235,
                    "fy": 450.775088027041,
                    "cx": 315.2157589370726,
                    "cy": 237.23956624294863
                }
            }
        ],
        "resolution": [
            [
                640,
                480
            ],
            [
                640,
                480
            ]
        ],
        "vignette": [],
        "calib_accel_bias": [
            0.0,
            0.0,
            0.0,
            0.0,
            0.0,
            0.0,
            0.0,
            0.0,
            0.0
        ],
        "calib_gyro_bias": [
            0.0,
            0.0,
            0.0,
            0.0,
            0.0,
            0.0,
            0.0,
            0.0,
            0.0,
            0.0,
            0.0,
            0.0
        ],
        "imu_update_rate": 100.0,
        "accel_noise_std": [0.016, 0.016, 0.016],
        "gyro_noise_std": [0.0002, 0.0002, 0.0002],
        "accel_bias_std": [0.001, 0.001, 0.001],
        "gyro_bias_std": [0.0001, 0.0001, 0.0001],
        "cam_time_offset_ns": 0
    }
}
