{
    "value0": {
        "T_imu_cam": [
            {
                "px": 0,
                "py": 0,
                "pz": 0,
                "qx": 0.7071067811865477,
                "qy": 0.7071067811865475,
                "qz": 0.0,
                "qw": 0.0
            },
            {
                "px": 0.001627054426482602,
                "py": 0.07446332895223108,
                "pz": 0.001104426700627592,
                "qx": 0.7125019976105286,
                "qy": 0.701649782418485,
                "qz": 0.0021842830940046417,
                "qw": -0.004869819346181627
            }
        ],
        "intrinsics": [
            {
                "camera_type": "pinhole",
                "intrinsics": {
                    "fx": 401.11067500490174,
                    "fy": 399.1866075485596,
                    "cx": 317.4874832550559,
                    "cy": 201.2766296433834
                }
            },
            {
                "camera_type": "pinhole",
                "intrinsics": {
                    "fx": 402.6608285690764,
                    "fy": 400.6002103985466,
                    "cx": 314.72769872717583,
                    "cy": 189.13909084144862
                }
            }
        ],
        "resolution": [
            [
                640,
                400
            ],
            [
                640,
                400
            ]
        ],
        "vignette": [],
        "calib_accel_bias": [
            0.0,
            0.0,
            0.0,
            0.0,
            0.0,
            0.0,
            0.0,
            0.0,
            0.0
        ],
        "calib_gyro_bias": [
            0.0,
            0.0,
            0.0,
            0.0,
            0.0,
            0.0,
            0.0,
            0.0,
            0.0,
            0.0,
            0.0,
            0.0
        ],
        "imu_update_rate": 100.0,
        "accel_noise_std": [0.016, 0.016, 0.016],
        "gyro_noise_std": [0.0002, 0.0002, 0.0002],
        "accel_bias_std": [0.001, 0.001, 0.001],
        "gyro_bias_std": [0.0001, 0.0001, 0.0001],
        "cam_time_offset_ns": 0
    }
}